run-id,use_vernalisation_fix,sowing-date,harvest-date,crop-id,sim.json,crop.json,site.json,incl_hist,climate_path_to_latlon_file,climate_path_to_csvs,gcm,rcm,scenario,ensmem,version,start_date,end_date,groundwater-level,impenetrable-layer,elevation,slope,latitude,landcover,fertilization,NitrogenResponseOn,irrigation,WaterDeficitResponseOn,EmergenceMoistureControlOn,EmergenceFloodingControlOn,LeafExtensionModifier,CO2,O3,FieldConditionModifier,StageTemperatureSum,comment,region_id,species_param_name,cultivar_param_name,param_value,param_index_in_array,coeff,crop_data
1,True,fixed,auto,GM_sfix_hauto,sim_fr.json,crop_France.json,site_France.json,False,,,,,,,,2007-02-01,2007-11-01,False,False,True,True,True,False,True,True,False,True,False,False,False,,,1,,historic_runs,4,,,,,,MO_CType2_2007_2154.asc
2,True,fixed,auto,GM_sfix_hauto,sim_fr.json,crop_France.json,site_France.json,False,,,,,,,,2008-02-01,2008-11-01,False,False,True,True,True,False,True,True,False,True,False,False,False,,,1,,historic_runs,4,,,,,,MO_CType2_2008_2154.asc
3,True,fixed,auto,GM_sfix_hauto,sim_fr.json,crop_France.json,site_France.json,False,,,,,,,,2009-02-01,2009-11-01,False,False,True,True,True,False,True,True,False,True,False,False,False,,,1,,historic_runs,4,,,,,,MO_CType2_2009_2154.asc
4,True,fixed,auto,GM_sfix_hauto,sim_fr.json,crop_France.json,site_France.json,False,,,,,,,,2010-02-01,2010-11-01,False,False,True,True,True,False,True,True,False,True,False,False,False,,,1,,historic_runs,4,,,,,,MO_CType2_2010_2154.asc
5,True,fixed,auto,GM_sfix_hauto,sim_fr.json,crop_France.json,site_France.json,False,,,,,,,,2011-02-01,2011-11-01,False,False,True,True,True,False,True,True,False,True,False,False,False,,,1,,historic_runs,4,,,,,,MO_CType2_2011_2154.asc
6,True,fixed,auto,GM_sfix_hauto,sim_fr.json,crop_France.json,site_France.json,False,,,,,,,,2012-02-01,2012-11-01,False,False,True,True,True,False,True,True,False,True,False,False,False,,,1,,historic_runs,4,,,,,,MO_CType2_2012_2154.asc
7,True,fixed,auto,GM_sfix_hauto,sim_fr.json,crop_France.json,site_France.json,False,,,,,,,,2013-02-01,2013-11-01,False,False,True,True,True,False,True,True,False,True,False,False,False,,,1,,historic_runs,4,,,,,,MO_CType2_2013_2154.asc
8,True,fixed,auto,GM_sfix_hauto,sim_fr.json,crop_France.json,site_France.json,False,,,,,,,,2014-02-01,2014-11-01,False,False,True,True,True,False,True,True,False,True,False,False,False,,,1,,historic_runs,4,,,,,,MO_CType2_2014_2154.asc
9,True,fixed,auto,GM_sfix_hauto,sim_fr.json,crop_France.json,site_France.json,False,,,,,,,,2015-02-01,2015-11-01,False,False,True,True,True,False,True,True,False,True,False,False,False,,,1,,historic_runs,4,,,,,,MO_CType2_2015_2154.asc
10,True,fixed,auto,GM_sfix_hauto,sim_fr.json,crop_France.json,site_France.json,False,,,,,,,,2016-02-01,2016-11-01,False,False,True,True,True,False,True,True,False,True,False,False,False,,,1,,historic_runs,4,,,,,,MO_CType2_2016_2154.asc
11,True,fixed,auto,GM_sfix_hauto,sim_fr.json,crop_France.json,site_France.json,False,,,,,,,,2017-02-01,2017-11-01,False,False,True,True,True,False,True,True,False,True,False,False,False,,,1,,historic_runs,4,,,,,,MO_CType2_2017_2154.asc
12,True,fixed,auto,GM_sfix_hauto,sim_fr.json,crop_France.json,site_France.json,False,,,,,,,,2018-02-01,2018-11-01,False,False,True,True,True,False,True,True,False,True,False,False,False,,,1,,historic_runs,4,,,,,,MO_CType2_2018_2154.asc
13,True,fixed,auto,GM_sfix_hauto,sim_fr.json,crop_France.json,site_France.json,False,,,,,,,,2019-02-01,2019-11-01,False,False,True,True,True,False,True,True,False,True,False,False,False,,,1,,historic_runs,4,,,,,,MO_CType2_2019_2154.asc
14,True,fixed,auto,GM_sfix_hauto,sim_fr.json,crop_France.json,site_France.json,False,,,,,,,,2020-02-01,2020-11-01,False,False,True,True,True,False,True,True,False,True,False,False,False,,,1,,historic_runs,4,,,,,,MO_CType2_2020_2154.asc
15,True,fixed,auto,GM_sfix_hauto,sim_fr.json,crop_France.json,site_France.json,False,,,,,,,,2021-02-01,2021-11-01,False,False,True,True,True,False,True,True,False,True,False,False,False,,,1,,historic_runs,4,,,,,,MO_CType2_2021_2154.asc
16,True,fixed,auto,SM_sfix_hauto,sim_fr.json,crop_France.json,site_France.json,False,,,,,,,,2007-02-01,2007-11-01,False,False,True,True,True,False,True,True,False,True,False,False,False,,,0.72,,historic_runs,4,,,,,,MO_CType2_2007_2154.asc
17,True,fixed,auto,SM_sfix_hauto,sim_fr.json,crop_France.json,site_France.json,False,,,,,,,,2008-02-01,2008-11-01,False,False,True,True,True,False,True,True,False,True,False,False,False,,,0.72,,historic_runs,4,,,,,,MO_CType2_2008_2154.asc
18,True,fixed,auto,SM_sfix_hauto,sim_fr.json,crop_France.json,site_France.json,False,,,,,,,,2009-02-01,2009-11-01,False,False,True,True,True,False,True,True,False,True,False,False,False,,,0.72,,historic_runs,4,,,,,,MO_CType2_2009_2154.asc
19,True,fixed,auto,SM_sfix_hauto,sim_fr.json,crop_France.json,site_France.json,False,,,,,,,,2010-02-01,2010-11-01,False,False,True,True,True,False,True,True,False,True,False,False,False,,,0.72,,historic_runs,4,,,,,,MO_CType2_2010_2154.asc
20,True,fixed,auto,SM_sfix_hauto,sim_fr.json,crop_France.json,site_France.json,False,,,,,,,,2011-02-01,2011-11-01,False,False,True,True,True,False,True,True,False,True,False,False,False,,,0.72,,historic_runs,4,,,,,,MO_CType2_2011_2154.asc
21,True,fixed,auto,SM_sfix_hauto,sim_fr.json,crop_France.json,site_France.json,False,,,,,,,,2012-02-01,2012-11-01,False,False,True,True,True,False,True,True,False,True,False,False,False,,,0.72,,historic_runs,4,,,,,,MO_CType2_2012_2154.asc
22,True,fixed,auto,SM_sfix_hauto,sim_fr.json,crop_France.json,site_France.json,False,,,,,,,,2013-02-01,2013-11-01,False,False,True,True,True,False,True,True,False,True,False,False,False,,,0.72,,historic_runs,4,,,,,,MO_CType2_2013_2154.asc
23,True,fixed,auto,SM_sfix_hauto,sim_fr.json,crop_France.json,site_France.json,False,,,,,,,,2014-02-01,2014-11-01,False,False,True,True,True,False,True,True,False,True,False,False,False,,,0.72,,historic_runs,4,,,,,,MO_CType2_2014_2154.asc
24,True,fixed,auto,SM_sfix_hauto,sim_fr.json,crop_France.json,site_France.json,False,,,,,,,,2015-02-01,2015-11-01,False,False,True,True,True,False,True,True,False,True,False,False,False,,,0.72,,historic_runs,4,,,,,,MO_CType2_2015_2154.asc
25,True,fixed,auto,SM_sfix_hauto,sim_fr.json,crop_France.json,site_France.json,False,,,,,,,,2016-02-01,2016-11-01,False,False,True,True,True,False,True,True,False,True,False,False,False,,,0.72,,historic_runs,4,,,,,,MO_CType2_2016_2154.asc
26,True,fixed,auto,SM_sfix_hauto,sim_fr.json,crop_France.json,site_France.json,False,,,,,,,,2017-02-01,2017-11-01,False,False,True,True,True,False,True,True,False,True,False,False,False,,,0.72,,historic_runs,4,,,,,,MO_CType2_2017_2154.asc
27,True,fixed,auto,SM_sfix_hauto,sim_fr.json,crop_France.json,site_France.json,False,,,,,,,,2018-02-01,2018-11-01,False,False,True,True,True,False,True,True,False,True,False,False,False,,,0.72,,historic_runs,4,,,,,,MO_CType2_2018_2154.asc
28,True,fixed,auto,SM_sfix_hauto,sim_fr.json,crop_France.json,site_France.json,False,,,,,,,,2019-02-01,2019-11-01,False,False,True,True,True,False,True,True,False,True,False,False,False,,,0.72,,historic_runs,4,,,,,,MO_CType2_2019_2154.asc
29,True,fixed,auto,SM_sfix_hauto,sim_fr.json,crop_France.json,site_France.json,False,,,,,,,,2020-02-01,2020-11-01,False,False,True,True,True,False,True,True,False,True,False,False,False,,,0.72,,historic_runs,4,,,,,,MO_CType2_2020_2154.asc
30,True,fixed,auto,SM_sfix_hauto,sim_fr.json,crop_France.json,site_France.json,False,,,,,,,,2021-02-01,2021-11-01,False,False,True,True,True,False,True,True,False,True,False,False,False,,,0.72,,historic_runs,4,,,,,,MO_CType2_2021_2154.asc
31,True,fixed,auto,WW_sfix_hauto,sim_fr.json,crop_France.json,site_France.json,False,,,,,,,,2006-09-20,2007-09-15,False,False,True,True,True,False,True,True,False,True,False,False,False,,,0.8,,historic_runs,4,,,,,,MO_CType3_2007_2154.asc
32,True,fixed,auto,WW_sfix_hauto,sim_fr.json,crop_France.json,site_France.json,False,,,,,,,,2007-09-20,2008-09-15,False,False,True,True,True,False,True,True,False,True,False,False,False,,,0.8,,historic_runs,4,,,,,,MO_CType3_2008_2154.asc
33,True,fixed,auto,WW_sfix_hauto,sim_fr.json,crop_France.json,site_France.json,False,,,,,,,,2008-09-20,2009-09-15,False,False,True,True,True,False,True,True,False,True,False,False,False,,,0.8,,historic_runs,4,,,,,,MO_CType3_2009_2154.asc
34,True,fixed,auto,WW_sfix_hauto,sim_fr.json,crop_France.json,site_France.json,False,,,,,,,,2009-09-20,2010-09-15,False,False,True,True,True,False,True,True,False,True,False,False,False,,,0.8,,historic_runs,4,,,,,,MO_CType3_2010_2154.asc
35,True,fixed,auto,WW_sfix_hauto,sim_fr.json,crop_France.json,site_France.json,False,,,,,,,,2010-09-20,2011-09-15,False,False,True,True,True,False,True,True,False,True,False,False,False,,,0.8,,historic_runs,4,,,,,,MO_CType3_2011_2154.asc
36,True,fixed,auto,WW_sfix_hauto,sim_fr.json,crop_France.json,site_France.json,False,,,,,,,,2011-09-20,2012-09-15,False,False,True,True,True,False,True,True,False,True,False,False,False,,,0.8,,historic_runs,4,,,,,,MO_CType3_2012_2154.asc
37,True,fixed,auto,WW_sfix_hauto,sim_fr.json,crop_France.json,site_France.json,False,,,,,,,,2012-09-20,2013-09-15,False,False,True,True,True,False,True,True,False,True,False,False,False,,,0.8,,historic_runs,4,,,,,,MO_CType3_2013_2154.asc
38,True,fixed,auto,WW_sfix_hauto,sim_fr.json,crop_France.json,site_France.json,False,,,,,,,,2013-09-20,2014-09-15,False,False,True,True,True,False,True,True,False,True,False,False,False,,,0.8,,historic_runs,4,,,,,,MO_CType3_2014_2154.asc
39,True,fixed,auto,WW_sfix_hauto,sim_fr.json,crop_France.json,site_France.json,False,,,,,,,,2014-09-20,2015-09-15,False,False,True,True,True,False,True,True,False,True,False,False,False,,,0.8,,historic_runs,4,,,,,,MO_CType3_2015_2154.asc
40,True,fixed,auto,WW_sfix_hauto,sim_fr.json,crop_France.json,site_France.json,False,,,,,,,,2015-09-20,2016-09-15,False,False,True,True,True,False,True,True,False,True,False,False,False,,,0.8,,historic_runs,4,,,,,,MO_CType3_2016_2154.asc
41,True,fixed,auto,WW_sfix_hauto,sim_fr.json,crop_France.json,site_France.json,False,,,,,,,,2016-09-20,2017-09-15,False,False,True,True,True,False,True,True,False,True,False,False,False,,,0.8,,historic_runs,4,,,,,,MO_CType3_2017_2154.asc
42,True,fixed,auto,WW_sfix_hauto,sim_fr.json,crop_France.json,site_France.json,False,,,,,,,,2017-09-20,2018-09-15,False,False,True,True,True,False,True,True,False,True,False,False,False,,,0.8,,historic_runs,4,,,,,,MO_CType3_2018_2154.asc
43,True,fixed,auto,WW_sfix_hauto,sim_fr.json,crop_France.json,site_France.json,False,,,,,,,,2018-09-20,2019-09-15,False,False,True,True,True,False,True,True,False,True,False,False,False,,,0.8,,historic_runs,4,,,,,,MO_CType3_2019_2154.asc
44,True,fixed,auto,WW_sfix_hauto,sim_fr.json,crop_France.json,site_France.json,False,,,,,,,,2019-09-20,2020-09-15,False,False,True,True,True,False,True,True,False,True,False,False,False,,,0.8,,historic_runs,4,,,,,,MO_CType3_2020_2154.asc
45,True,fixed,auto,WW_sfix_hauto,sim_fr.json,crop_France.json,site_France.json,False,,,,,,,,2020-09-20,2021-09-15,False,False,True,True,True,False,True,True,False,True,False,False,False,,,0.8,,historic_runs,4,,,,,,MO_CType3_2021_2154.asc
46,True,fixed,auto,WB_sfix_hauto,sim_fr.json,crop_France.json,site_France.json,False,,,,,,,,2006-09-20,2007-09-15,False,False,True,True,True,False,True,True,False,True,False,False,False,,,0.75,,historic_runs,4,,,,,,MO_CType4_2007_2154.asc
47,True,fixed,auto,WB_sfix_hauto,sim_fr.json,crop_France.json,site_France.json,False,,,,,,,,2007-09-20,2008-09-15,False,False,True,True,True,False,True,True,False,True,False,False,False,,,0.75,,historic_runs,4,,,,,,MO_CType4_2008_2154.asc
48,True,fixed,auto,WB_sfix_hauto,sim_fr.json,crop_France.json,site_France.json,False,,,,,,,,2008-09-20,2009-09-15,False,False,True,True,True,False,True,True,False,True,False,False,False,,,0.75,,historic_runs,4,,,,,,MO_CType4_2009_2154.asc
49,True,fixed,auto,WB_sfix_hauto,sim_fr.json,crop_France.json,site_France.json,False,,,,,,,,2009-09-20,2010-09-15,False,False,True,True,True,False,True,True,False,True,False,False,False,,,0.75,,historic_runs,4,,,,,,MO_CType4_2010_2154.asc
50,True,fixed,auto,WB_sfix_hauto,sim_fr.json,crop_France.json,site_France.json,False,,,,,,,,2010-09-20,2011-09-15,False,False,True,True,True,False,True,True,False,True,False,False,False,,,0.75,,historic_runs,4,,,,,,MO_CType4_2011_2154.asc
51,True,fixed,auto,WB_sfix_hauto,sim_fr.json,crop_France.json,site_France.json,False,,,,,,,,2011-09-20,2012-09-15,False,False,True,True,True,False,True,True,False,True,False,False,False,,,0.75,,historic_runs,4,,,,,,MO_CType4_2012_2154.asc
52,True,fixed,auto,WB_sfix_hauto,sim_fr.json,crop_France.json,site_France.json,False,,,,,,,,2012-09-20,2013-09-15,False,False,True,True,True,False,True,True,False,True,False,False,False,,,0.75,,historic_runs,4,,,,,,MO_CType4_2013_2154.asc
53,True,fixed,auto,WB_sfix_hauto,sim_fr.json,crop_France.json,site_France.json,False,,,,,,,,2013-09-20,2014-09-15,False,False,True,True,True,False,True,True,False,True,False,False,False,,,0.75,,historic_runs,4,,,,,,MO_CType4_2014_2154.asc
54,True,fixed,auto,WB_sfix_hauto,sim_fr.json,crop_France.json,site_France.json,False,,,,,,,,2014-09-20,2015-09-15,False,False,True,True,True,False,True,True,False,True,False,False,False,,,0.75,,historic_runs,4,,,,,,MO_CType4_2015_2154.asc
55,True,fixed,auto,WB_sfix_hauto,sim_fr.json,crop_France.json,site_France.json,False,,,,,,,,2015-09-20,2016-09-15,False,False,True,True,True,False,True,True,False,True,False,False,False,,,0.75,,historic_runs,4,,,,,,MO_CType4_2016_2154.asc
56,True,fixed,auto,WB_sfix_hauto,sim_fr.json,crop_France.json,site_France.json,False,,,,,,,,2016-09-20,2017-09-15,False,False,True,True,True,False,True,True,False,True,False,False,False,,,0.75,,historic_runs,4,,,,,,MO_CType4_2017_2154.asc
57,True,fixed,auto,WB_sfix_hauto,sim_fr.json,crop_France.json,site_France.json,False,,,,,,,,2017-09-20,2018-09-15,False,False,True,True,True,False,True,True,False,True,False,False,False,,,0.75,,historic_runs,4,,,,,,MO_CType4_2018_2154.asc
58,True,fixed,auto,WB_sfix_hauto,sim_fr.json,crop_France.json,site_France.json,False,,,,,,,,2018-09-20,2019-09-15,False,False,True,True,True,False,True,True,False,True,False,False,False,,,0.75,,historic_runs,4,,,,,,MO_CType4_2019_2154.asc
59,True,fixed,auto,WB_sfix_hauto,sim_fr.json,crop_France.json,site_France.json,False,,,,,,,,2019-09-20,2020-09-15,False,False,True,True,True,False,True,True,False,True,False,False,False,,,0.75,,historic_runs,4,,,,,,MO_CType4_2020_2154.asc
60,True,fixed,auto,WB_sfix_hauto,sim_fr.json,crop_France.json,site_France.json,False,,,,,,,,2020-09-20,2021-09-15,False,False,True,True,True,False,True,True,False,True,False,False,False,,,0.75,,historic_runs,4,,,,,,MO_CType4_2021_2154.asc
61,True,fixed,auto,WR_sfix_hauto,sim_fr.json,crop_France.json,site_France.json,False,,,,,,,,2006-09-20,2007-09-15,False,False,True,True,True,False,True,True,False,True,False,False,False,,,0.8,,historic_runs,4,,,,,,MO_CType5_2007_2154.asc
62,True,fixed,auto,WR_sfix_hauto,sim_fr.json,crop_France.json,site_France.json,False,,,,,,,,2007-09-20,2008-09-15,False,False,True,True,True,False,True,True,False,True,False,False,False,,,0.8,,historic_runs,4,,,,,,MO_CType5_2008_2154.asc
63,True,fixed,auto,WR_sfix_hauto,sim_fr.json,crop_France.json,site_France.json,False,,,,,,,,2008-09-20,2009-09-15,False,False,True,True,True,False,True,True,False,True,False,False,False,,,0.8,,historic_runs,4,,,,,,MO_CType5_2009_2154.asc
64,True,fixed,auto,WR_sfix_hauto,sim_fr.json,crop_France.json,site_France.json,False,,,,,,,,2009-09-20,2010-09-15,False,False,True,True,True,False,True,True,False,True,False,False,False,,,0.8,,historic_runs,4,,,,,,MO_CType5_2010_2154.asc
65,True,fixed,auto,WR_sfix_hauto,sim_fr.json,crop_France.json,site_France.json,False,,,,,,,,2010-09-20,2011-09-15,False,False,True,True,True,False,True,True,False,True,False,False,False,,,0.8,,historic_runs,4,,,,,,MO_CType5_2011_2154.asc
66,True,fixed,auto,WR_sfix_hauto,sim_fr.json,crop_France.json,site_France.json,False,,,,,,,,2011-09-20,2012-09-15,False,False,True,True,True,False,True,True,False,True,False,False,False,,,0.8,,historic_runs,4,,,,,,MO_CType5_2012_2154.asc
67,True,fixed,auto,WR_sfix_hauto,sim_fr.json,crop_France.json,site_France.json,False,,,,,,,,2012-09-20,2013-09-15,False,False,True,True,True,False,True,True,False,True,False,False,False,,,0.8,,historic_runs,4,,,,,,MO_CType5_2013_2154.asc
68,True,fixed,auto,WR_sfix_hauto,sim_fr.json,crop_France.json,site_France.json,False,,,,,,,,2013-09-20,2014-09-15,False,False,True,True,True,False,True,True,False,True,False,False,False,,,0.8,,historic_runs,4,,,,,,MO_CType5_2014_2154.asc
69,True,fixed,auto,WR_sfix_hauto,sim_fr.json,crop_France.json,site_France.json,False,,,,,,,,2014-09-20,2015-09-15,False,False,True,True,True,False,True,True,False,True,False,False,False,,,0.8,,historic_runs,4,,,,,,MO_CType5_2015_2154.asc
70,True,fixed,auto,WR_sfix_hauto,sim_fr.json,crop_France.json,site_France.json,False,,,,,,,,2015-09-20,2016-09-15,False,False,True,True,True,False,True,True,False,True,False,False,False,,,0.8,,historic_runs,4,,,,,,MO_CType5_2016_2154.asc
71,True,fixed,auto,WR_sfix_hauto,sim_fr.json,crop_France.json,site_France.json,False,,,,,,,,2016-09-20,2017-09-15,False,False,True,True,True,False,True,True,False,True,False,False,False,,,0.8,,historic_runs,4,,,,,,MO_CType5_2017_2154.asc
72,True,fixed,auto,WR_sfix_hauto,sim_fr.json,crop_France.json,site_France.json,False,,,,,,,,2017-09-20,2018-09-15,False,False,True,True,True,False,True,True,False,True,False,False,False,,,0.8,,historic_runs,4,,,,,,MO_CType5_2018_2154.asc
73,True,fixed,auto,WR_sfix_hauto,sim_fr.json,crop_France.json,site_France.json,False,,,,,,,,2018-09-20,2019-09-15,False,False,True,True,True,False,True,True,False,True,False,False,False,,,0.8,,historic_runs,4,,,,,,MO_CType5_2019_2154.asc
74,True,fixed,auto,WR_sfix_hauto,sim_fr.json,crop_France.json,site_France.json,False,,,,,,,,2019-09-20,2020-09-15,False,False,True,True,True,False,True,True,False,True,False,False,False,,,0.8,,historic_runs,4,,,,,,MO_CType5_2020_2154.asc
75,True,fixed,auto,WR_sfix_hauto,sim_fr.json,crop_France.json,site_France.json,False,,,,,,,,2020-09-20,2021-09-15,False,False,True,True,True,False,True,True,False,True,False,False,False,,,0.8,,historic_runs,4,,,,,,MO_CType5_2021_2154.asc
76,True,fixed,auto,WT_sfix_hauto,sim_fr.json,crop_France.json,site_France.json,False,,,,,,,,2006-09-20,2007-09-15,False,False,True,True,True,False,True,True,False,True,False,False,False,,,0.78,,historic_runs,4,,,,,,MO_CType5_2007_2154.asc
77,True,fixed,auto,WT_sfix_hauto,sim_fr.json,crop_France.json,site_France.json,False,,,,,,,,2007-09-20,2008-09-15,False,False,True,True,True,False,True,True,False,True,False,False,False,,,0.78,,historic_runs,4,,,,,,MO_CType5_2008_2154.asc
78,True,fixed,auto,WT_sfix_hauto,sim_fr.json,crop_France.json,site_France.json,False,,,,,,,,2008-09-20,2009-09-15,False,False,True,True,True,False,True,True,False,True,False,False,False,,,0.78,,historic_runs,4,,,,,,MO_CType5_2009_2154.asc
79,True,fixed,auto,WT_sfix_hauto,sim_fr.json,crop_France.json,site_France.json,False,,,,,,,,2009-09-20,2010-09-15,False,False,True,True,True,False,True,True,False,True,False,False,False,,,0.78,,historic_runs,4,,,,,,MO_CType5_2010_2154.asc
80,True,fixed,auto,WT_sfix_hauto,sim_fr.json,crop_France.json,site_France.json,False,,,,,,,,2010-09-20,2011-09-15,False,False,True,True,True,False,True,True,False,True,False,False,False,,,0.78,,historic_runs,4,,,,,,MO_CType5_2011_2154.asc
81,True,fixed,auto,WT_sfix_hauto,sim_fr.json,crop_France.json,site_France.json,False,,,,,,,,2011-09-20,2012-09-15,False,False,True,True,True,False,True,True,False,True,False,False,False,,,0.78,,historic_runs,4,,,,,,MO_CType5_2012_2154.asc
82,True,fixed,auto,WT_sfix_hauto,sim_fr.json,crop_France.json,site_France.json,False,,,,,,,,2012-09-20,2013-09-15,False,False,True,True,True,False,True,True,False,True,False,False,False,,,0.78,,historic_runs,4,,,,,,MO_CType5_2013_2154.asc
83,True,fixed,auto,WT_sfix_hauto,sim_fr.json,crop_France.json,site_France.json,False,,,,,,,,2013-09-20,2014-09-15,False,False,True,True,True,False,True,True,False,True,False,False,False,,,0.78,,historic_runs,4,,,,,,MO_CType5_2014_2154.asc
84,True,fixed,auto,WT_sfix_hauto,sim_fr.json,crop_France.json,site_France.json,False,,,,,,,,2014-09-20,2015-09-15,False,False,True,True,True,False,True,True,False,True,False,False,False,,,0.78,,historic_runs,4,,,,,,MO_CType5_2015_2154.asc
85,True,fixed,auto,WT_sfix_hauto,sim_fr.json,crop_France.json,site_France.json,False,,,,,,,,2015-09-20,2016-09-15,False,False,True,True,True,False,True,True,False,True,False,False,False,,,0.78,,historic_runs,4,,,,,,MO_CType5_2016_2154.asc
86,True,fixed,auto,WT_sfix_hauto,sim_fr.json,crop_France.json,site_France.json,False,,,,,,,,2016-09-20,2017-09-15,False,False,True,True,True,False,True,True,False,True,False,False,False,,,0.78,,historic_runs,4,,,,,,MO_CType5_2017_2154.asc
87,True,fixed,auto,WT_sfix_hauto,sim_fr.json,crop_France.json,site_France.json,False,,,,,,,,2017-09-20,2018-09-15,False,False,True,True,True,False,True,True,False,True,False,False,False,,,0.78,,historic_runs,4,,,,,,MO_CType5_2018_2154.asc
88,True,fixed,auto,WT_sfix_hauto,sim_fr.json,crop_France.json,site_France.json,False,,,,,,,,2018-09-20,2019-09-15,False,False,True,True,True,False,True,True,False,True,False,False,False,,,0.78,,historic_runs,4,,,,,,MO_CType5_2019_2154.asc
89,True,fixed,auto,WT_sfix_hauto,sim_fr.json,crop_France.json,site_France.json,False,,,,,,,,2019-09-20,2020-09-15,False,False,True,True,True,False,True,True,False,True,False,False,False,,,0.78,,historic_runs,4,,,,,,MO_CType5_2020_2154.asc
90,True,fixed,auto,WT_sfix_hauto,sim_fr.json,crop_France.json,site_France.json,False,,,,,,,,2020-09-20,2021-09-15,False,False,True,True,True,False,True,True,False,True,False,False,False,,,0.78,,historic_runs,4,,,,,,MO_CType5_2021_2154.asc
91,True,fixed,auto,SW_sfix_hauto,sim_fr.json,crop_France.json,site_France.json,False,,,,,,,,2007-02-01,2007-11-01,False,False,True,True,True,False,True,True,False,True,False,False,False,,,0.84,,historic_runs,4,,,,,,MO_CType3_2007_2154.asc
92,True,fixed,auto,SW_sfix_hauto,sim_fr.json,crop_France.json,site_France.json,False,,,,,,,,2008-02-01,2008-11-01,False,False,True,True,True,False,True,True,False,True,False,False,False,,,0.84,,historic_runs,4,,,,,,MO_CType3_2008_2154.asc
93,True,fixed,auto,SW_sfix_hauto,sim_fr.json,crop_France.json,site_France.json,False,,,,,,,,2009-02-01,2009-11-01,False,False,True,True,True,False,True,True,False,True,False,False,False,,,0.84,,historic_runs,4,,,,,,MO_CType3_2009_2154.asc
94,True,fixed,auto,SW_sfix_hauto,sim_fr.json,crop_France.json,site_France.json,False,,,,,,,,2010-02-01,2010-11-01,False,False,True,True,True,False,True,True,False,True,False,False,False,,,0.84,,historic_runs,4,,,,,,MO_CType3_2010_2154.asc
95,True,fixed,auto,SW_sfix_hauto,sim_fr.json,crop_France.json,site_France.json,False,,,,,,,,2011-02-01,2011-11-01,False,False,True,True,True,False,True,True,False,True,False,False,False,,,0.84,,historic_runs,4,,,,,,MO_CType3_2011_2154.asc
96,True,fixed,auto,SW_sfix_hauto,sim_fr.json,crop_France.json,site_France.json,False,,,,,,,,2012-02-01,2012-11-01,False,False,True,True,True,False,True,True,False,True,False,False,False,,,0.84,,historic_runs,4,,,,,,MO_CType3_2012_2154.asc
97,True,fixed,auto,SW_sfix_hauto,sim_fr.json,crop_France.json,site_France.json,False,,,,,,,,2013-02-01,2013-11-01,False,False,True,True,True,False,True,True,False,True,False,False,False,,,0.84,,historic_runs,4,,,,,,MO_CType3_2013_2154.asc
98,True,fixed,auto,SW_sfix_hauto,sim_fr.json,crop_France.json,site_France.json,False,,,,,,,,2014-02-01,2014-11-01,False,False,True,True,True,False,True,True,False,True,False,False,False,,,0.84,,historic_runs,4,,,,,,MO_CType3_2014_2154.asc
99,True,fixed,auto,SW_sfix_hauto,sim_fr.json,crop_France.json,site_France.json,False,,,,,,,,2015-02-01,2015-11-01,False,False,True,True,True,False,True,True,False,True,False,False,False,,,0.84,,historic_runs,4,,,,,,MO_CType3_2015_2154.asc
100,True,fixed,auto,SW_sfix_hauto,sim_fr.json,crop_France.json,site_France.json,False,,,,,,,,2016-02-01,2016-11-01,False,False,True,True,True,False,True,True,False,True,False,False,False,,,0.84,,historic_runs,4,,,,,,MO_CType3_2016_2154.asc
101,True,fixed,auto,SW_sfix_hauto,sim_fr.json,crop_France.json,site_France.json,False,,,,,,,,2017-02-01,2017-11-01,False,False,True,True,True,False,True,True,False,True,False,False,False,,,0.84,,historic_runs,4,,,,,,MO_CType3_2017_2154.asc
102,True,fixed,auto,SW_sfix_hauto,sim_fr.json,crop_France.json,site_France.json,False,,,,,,,,2018-02-01,2018-11-01,False,False,True,True,True,False,True,True,False,True,False,False,False,,,0.84,,historic_runs,4,,,,,,MO_CType3_2018_2154.asc
103,True,fixed,auto,SW_sfix_hauto,sim_fr.json,crop_France.json,site_France.json,False,,,,,,,,2019-02-01,2019-11-01,False,False,True,True,True,False,True,True,False,True,False,False,False,,,0.84,,historic_runs,4,,,,,,MO_CType3_2019_2154.asc
104,True,fixed,auto,SW_sfix_hauto,sim_fr.json,crop_France.json,site_France.json,False,,,,,,,,2020-02-01,2020-11-01,False,False,True,True,True,False,True,True,False,True,False,False,False,,,0.84,,historic_runs,4,,,,,,MO_CType3_2020_2154.asc
105,True,fixed,auto,SW_sfix_hauto,sim_fr.json,crop_France.json,site_France.json,False,,,,,,,,2021-02-01,2021-11-01,False,False,True,True,True,False,True,True,False,True,False,False,False,,,0.84,,historic_runs,4,,,,,,MO_CType3_2021_2154.asc
106,True,fixed,auto,SB_sfix_hauto,sim_fr.json,crop_France.json,site_France.json,False,,,,,,,,2007-02-01,2007-11-01,False,False,True,True,True,False,True,True,False,True,False,False,False,,,0.84,,historic_runs,4,,,,,,MO_CType4_2007_2154.asc
107,True,fixed,auto,SB_sfix_hauto,sim_fr.json,crop_France.json,site_France.json,False,,,,,,,,2008-02-01,2008-11-01,False,False,True,True,True,False,True,True,False,True,False,False,False,,,0.84,,historic_runs,4,,,,,,MO_CType4_2008_2154.asc
108,True,fixed,auto,SB_sfix_hauto,sim_fr.json,crop_France.json,site_France.json,False,,,,,,,,2009-02-01,2009-11-01,False,False,True,True,True,False,True,True,False,True,False,False,False,,,0.84,,historic_runs,4,,,,,,MO_CType4_2009_2154.asc
109,True,fixed,auto,SB_sfix_hauto,sim_fr.json,crop_France.json,site_France.json,False,,,,,,,,2010-02-01,2010-11-01,False,False,True,True,True,False,True,True,False,True,False,False,False,,,0.84,,historic_runs,4,,,,,,MO_CType4_2010_2154.asc
110,True,fixed,auto,SB_sfix_hauto,sim_fr.json,crop_France.json,site_France.json,False,,,,,,,,2011-02-01,2011-11-01,False,False,True,True,True,False,True,True,False,True,False,False,False,,,0.84,,historic_runs,4,,,,,,MO_CType4_2011_2154.asc
111,True,fixed,auto,SB_sfix_hauto,sim_fr.json,crop_France.json,site_France.json,False,,,,,,,,2012-02-01,2012-11-01,False,False,True,True,True,False,True,True,False,True,False,False,False,,,0.84,,historic_runs,4,,,,,,MO_CType4_2012_2154.asc
112,True,fixed,auto,SB_sfix_hauto,sim_fr.json,crop_France.json,site_France.json,False,,,,,,,,2013-02-01,2013-11-01,False,False,True,True,True,False,True,True,False,True,False,False,False,,,0.84,,historic_runs,4,,,,,,MO_CType4_2013_2154.asc
113,True,fixed,auto,SB_sfix_hauto,sim_fr.json,crop_France.json,site_France.json,False,,,,,,,,2014-02-01,2014-11-01,False,False,True,True,True,False,True,True,False,True,False,False,False,,,0.84,,historic_runs,4,,,,,,MO_CType4_2014_2154.asc
114,True,fixed,auto,SB_sfix_hauto,sim_fr.json,crop_France.json,site_France.json,False,,,,,,,,2015-02-01,2015-11-01,False,False,True,True,True,False,True,True,False,True,False,False,False,,,0.84,,historic_runs,4,,,,,,MO_CType4_2015_2154.asc
115,True,fixed,auto,SB_sfix_hauto,sim_fr.json,crop_France.json,site_France.json,False,,,,,,,,2016-02-01,2016-11-01,False,False,True,True,True,False,True,True,False,True,False,False,False,,,0.84,,historic_runs,4,,,,,,MO_CType4_2016_2154.asc
116,True,fixed,auto,SB_sfix_hauto,sim_fr.json,crop_France.json,site_France.json,False,,,,,,,,2017-02-01,2017-11-01,False,False,True,True,True,False,True,True,False,True,False,False,False,,,0.84,,historic_runs,4,,,,,,MO_CType4_2017_2154.asc
117,True,fixed,auto,SB_sfix_hauto,sim_fr.json,crop_France.json,site_France.json,False,,,,,,,,2018-02-01,2018-11-01,False,False,True,True,True,False,True,True,False,True,False,False,False,,,0.84,,historic_runs,4,,,,,,MO_CType4_2018_2154.asc
118,True,fixed,auto,SB_sfix_hauto,sim_fr.json,crop_France.json,site_France.json,False,,,,,,,,2019-02-01,2019-11-01,False,False,True,True,True,False,True,True,False,True,False,False,False,,,0.84,,historic_runs,4,,,,,,MO_CType4_2019_2154.asc
119,True,fixed,auto,SB_sfix_hauto,sim_fr.json,crop_France.json,site_France.json,False,,,,,,,,2020-02-01,2020-11-01,False,False,True,True,True,False,True,True,False,True,False,False,False,,,0.84,,historic_runs,4,,,,,,MO_CType4_2020_2154.asc
120,True,fixed,auto,SB_sfix_hauto,sim_fr.json,crop_France.json,site_France.json,False,,,,,,,,2021-02-01,2021-11-01,False,False,True,True,True,False,True,True,False,True,False,False,False,,,0.84,,historic_runs,4,,,,,,MO_CType4_2021_2154.asc
121,True,fixed,auto,WRa_sfix_hauto,sim_fr.json,crop_France.json,site_France.json,False,,,,,,,,2006-09-20,2007-09-15,False,False,True,True,True,False,True,True,False,True,False,False,False,,,0.79,,historic_runs,4,,,,,,MO_CType10_2007_2154.asc
122,True,fixed,auto,WRa_sfix_hauto,sim_fr.json,crop_France.json,site_France.json,False,,,,,,,,2007-09-20,2008-09-15,False,False,True,True,True,False,True,True,False,True,False,False,False,,,0.79,,historic_runs,4,,,,,,MO_CType10_2008_2154.asc
123,True,fixed,auto,WRa_sfix_hauto,sim_fr.json,crop_France.json,site_France.json,False,,,,,,,,2008-09-20,2009-09-15,False,False,True,True,True,False,True,True,False,True,False,False,False,,,0.79,,historic_runs,4,,,,,,MO_CType10_2009_2154.asc
124,True,fixed,auto,WRa_sfix_hauto,sim_fr.json,crop_France.json,site_France.json,False,,,,,,,,2009-09-20,2010-09-15,False,False,True,True,True,False,True,True,False,True,False,False,False,,,0.79,,historic_runs,4,,,,,,MO_CType10_2010_2154.asc
125,True,fixed,auto,WRa_sfix_hauto,sim_fr.json,crop_France.json,site_France.json,False,,,,,,,,2010-09-20,2011-09-15,False,False,True,True,True,False,True,True,False,True,False,False,False,,,0.79,,historic_runs,4,,,,,,MO_CType10_2011_2154.asc
126,True,fixed,auto,WRa_sfix_hauto,sim_fr.json,crop_France.json,site_France.json,False,,,,,,,,2011-09-20,2012-09-15,False,False,True,True,True,False,True,True,False,True,False,False,False,,,0.79,,historic_runs,4,,,,,,MO_CType10_2012_2154.asc
127,True,fixed,auto,WRa_sfix_hauto,sim_fr.json,crop_France.json,site_France.json,False,,,,,,,,2012-09-20,2013-09-15,False,False,True,True,True,False,True,True,False,True,False,False,False,,,0.79,,historic_runs,4,,,,,,MO_CType10_2013_2154.asc
128,True,fixed,auto,WRa_sfix_hauto,sim_fr.json,crop_France.json,site_France.json,False,,,,,,,,2013-09-20,2014-09-15,False,False,True,True,True,False,True,True,False,True,False,False,False,,,0.79,,historic_runs,4,,,,,,MO_CType10_2014_2154.asc
129,True,fixed,auto,WRa_sfix_hauto,sim_fr.json,crop_France.json,site_France.json,False,,,,,,,,2014-09-20,2015-09-15,False,False,True,True,True,False,True,True,False,True,False,False,False,,,0.79,,historic_runs,4,,,,,,MO_CType10_2015_2154.asc
130,True,fixed,auto,WRa_sfix_hauto,sim_fr.json,crop_France.json,site_France.json,False,,,,,,,,2015-09-20,2016-09-15,False,False,True,True,True,False,True,True,False,True,False,False,False,,,0.79,,historic_runs,4,,,,,,MO_CType10_2016_2154.asc
131,True,fixed,auto,WRa_sfix_hauto,sim_fr.json,crop_France.json,site_France.json,False,,,,,,,,2016-09-20,2017-09-15,False,False,True,True,True,False,True,True,False,True,False,False,False,,,0.79,,historic_runs,4,,,,,,MO_CType10_2017_2154.asc
132,True,fixed,auto,WRa_sfix_hauto,sim_fr.json,crop_France.json,site_France.json,False,,,,,,,,2017-09-20,2018-09-15,False,False,True,True,True,False,True,True,False,True,False,False,False,,,0.79,,historic_runs,4,,,,,,MO_CType10_2018_2154.asc
133,True,fixed,auto,WRa_sfix_hauto,sim_fr.json,crop_France.json,site_France.json,False,,,,,,,,2018-09-20,2019-09-15,False,False,True,True,True,False,True,True,False,True,False,False,False,,,0.79,,historic_runs,4,,,,,,MO_CType10_2019_2154.asc
134,True,fixed,auto,WRa_sfix_hauto,sim_fr.json,crop_France.json,site_France.json,False,,,,,,,,2019-09-20,2020-09-15,False,False,True,True,True,False,True,True,False,True,False,False,False,,,0.79,,historic_runs,4,,,,,,MO_CType10_2020_2154.asc
135,True,fixed,auto,WRa_sfix_hauto,sim_fr.json,crop_France.json,site_France.json,False,,,,,,,,2020-09-20,2021-09-15,False,False,True,True,True,False,True,True,False,True,False,False,False,,,0.79,,historic_runs,4,,,,,,MO_CType10_2021_2154.asc
136,True,fixed,auto,SU_sfix_hauto,sim_fr.json,crop_France.json,site_France.json,False,,,,,,,,2007-02-01,2007-11-01,False,False,True,True,True,False,True,True,False,True,False,False,False,,,0.95,,historic_runs,4,,,,,,MO_CType3_2007_2154.asc
137,True,fixed,auto,SU_sfix_hauto,sim_fr.json,crop_France.json,site_France.json,False,,,,,,,,2008-02-01,2008-11-01,False,False,True,True,True,False,True,True,False,True,False,False,False,,,0.95,,historic_runs,4,,,,,,MO_CType3_2008_2154.asc
138,True,fixed,auto,SU_sfix_hauto,sim_fr.json,crop_France.json,site_France.json,False,,,,,,,,2009-02-01,2009-11-01,False,False,True,True,True,False,True,True,False,True,False,False,False,,,0.95,,historic_runs,4,,,,,,MO_CType3_2009_2154.asc
139,True,fixed,auto,SU_sfix_hauto,sim_fr.json,crop_France.json,site_France.json,False,,,,,,,,2010-02-01,2010-11-01,False,False,True,True,True,False,True,True,False,True,False,False,False,,,0.95,,historic_runs,4,,,,,,MO_CType3_2010_2154.asc
140,True,fixed,auto,SU_sfix_hauto,sim_fr.json,crop_France.json,site_France.json,False,,,,,,,,2011-02-01,2011-11-01,False,False,True,True,True,False,True,True,False,True,False,False,False,,,0.95,,historic_runs,4,,,,,,MO_CType3_2011_2154.asc
141,True,fixed,auto,SU_sfix_hauto,sim_fr.json,crop_France.json,site_France.json,False,,,,,,,,2012-02-01,2012-11-01,False,False,True,True,True,False,True,True,False,True,False,False,False,,,0.95,,historic_runs,4,,,,,,MO_CType3_2012_2154.asc
142,True,fixed,auto,SU_sfix_hauto,sim_fr.json,crop_France.json,site_France.json,False,,,,,,,,2013-02-01,2013-11-01,False,False,True,True,True,False,True,True,False,True,False,False,False,,,0.95,,historic_runs,4,,,,,,MO_CType3_2013_2154.asc
143,True,fixed,auto,SU_sfix_hauto,sim_fr.json,crop_France.json,site_France.json,False,,,,,,,,2014-02-01,2014-11-01,False,False,True,True,True,False,True,True,False,True,False,False,False,,,0.95,,historic_runs,4,,,,,,MO_CType3_2014_2154.asc
144,True,fixed,auto,SU_sfix_hauto,sim_fr.json,crop_France.json,site_France.json,False,,,,,,,,2015-02-01,2015-11-01,False,False,True,True,True,False,True,True,False,True,False,False,False,,,0.95,,historic_runs,4,,,,,,MO_CType3_2015_2154.asc
145,True,fixed,auto,SU_sfix_hauto,sim_fr.json,crop_France.json,site_France.json,False,,,,,,,,2016-02-01,2016-11-01,False,False,True,True,True,False,True,True,False,True,False,False,False,,,0.95,,historic_runs,4,,,,,,MO_CType3_2016_2154.asc
146,True,fixed,auto,SU_sfix_hauto,sim_fr.json,crop_France.json,site_France.json,False,,,,,,,,2017-02-01,2017-11-01,False,False,True,True,True,False,True,True,False,True,False,False,False,,,0.95,,historic_runs,4,,,,,,MO_CType3_2017_2154.asc
147,True,fixed,auto,SU_sfix_hauto,sim_fr.json,crop_France.json,site_France.json,False,,,,,,,,2018-02-01,2018-11-01,False,False,True,True,True,False,True,True,False,True,False,False,False,,,0.95,,historic_runs,4,,,,,,MO_CType3_2018_2154.asc
148,True,fixed,auto,SU_sfix_hauto,sim_fr.json,crop_France.json,site_France.json,False,,,,,,,,2019-02-01,2019-11-01,False,False,True,True,True,False,True,True,False,True,False,False,False,,,0.95,,historic_runs,4,,,,,,MO_CType3_2019_2154.asc
149,True,fixed,auto,SU_sfix_hauto,sim_fr.json,crop_France.json,site_France.json,False,,,,,,,,2020-02-01,2020-11-01,False,False,True,True,True,False,True,True,False,True,False,False,False,,,0.95,,historic_runs,4,,,,,,MO_CType3_2020_2154.asc
150,True,fixed,auto,SU_sfix_hauto,sim_fr.json,crop_France.json,site_France.json,False,,,,,,,,2021-02-01,2021-11-01,False,False,True,True,True,False,True,True,False,True,False,False,False,,,0.95,,historic_runs,4,,,,,,MO_CType3_2021_2154.asc
151,True,fixed,auto,PO_sfix_hauto,sim_fr.json,crop_France.json,site_France.json,False,,,,,,,,2007-02-01,2007-11-01,False,False,True,True,True,False,True,True,False,True,False,False,False,,,0.82,,historic_runs,4,,,,,,MO_CType3_2007_2154.asc
152,True,fixed,auto,PO_sfix_hauto,sim_fr.json,crop_France.json,site_France.json,False,,,,,,,,2008-02-01,2008-11-01,False,False,True,True,True,False,True,True,False,True,False,False,False,,,0.82,,historic_runs,4,,,,,,MO_CType3_2008_2154.asc
153,True,fixed,auto,PO_sfix_hauto,sim_fr.json,crop_France.json,site_France.json,False,,,,,,,,2009-02-01,2009-11-01,False,False,True,True,True,False,True,True,False,True,False,False,False,,,0.82,,historic_runs,4,,,,,,MO_CType3_2009_2154.asc
154,True,fixed,auto,PO_sfix_hauto,sim_fr.json,crop_France.json,site_France.json,False,,,,,,,,2010-02-01,2010-11-01,False,False,True,True,True,False,True,True,False,True,False,False,False,,,0.82,,historic_runs,4,,,,,,MO_CType3_2010_2154.asc
155,True,fixed,auto,PO_sfix_hauto,sim_fr.json,crop_France.json,site_France.json,False,,,,,,,,2011-02-01,2011-11-01,False,False,True,True,True,False,True,True,False,True,False,False,False,,,0.82,,historic_runs,4,,,,,,MO_CType3_2011_2154.asc
156,True,fixed,auto,PO_sfix_hauto,sim_fr.json,crop_France.json,site_France.json,False,,,,,,,,2012-02-01,2012-11-01,False,False,True,True,True,False,True,True,False,True,False,False,False,,,0.82,,historic_runs,4,,,,,,MO_CType3_2012_2154.asc
157,True,fixed,auto,PO_sfix_hauto,sim_fr.json,crop_France.json,site_France.json,False,,,,,,,,2013-02-01,2013-11-01,False,False,True,True,True,False,True,True,False,True,False,False,False,,,0.82,,historic_runs,4,,,,,,MO_CType3_2013_2154.asc
158,True,fixed,auto,PO_sfix_hauto,sim_fr.json,crop_France.json,site_France.json,False,,,,,,,,2014-02-01,2014-11-01,False,False,True,True,True,False,True,True,False,True,False,False,False,,,0.82,,historic_runs,4,,,,,,MO_CType3_2014_2154.asc
159,True,fixed,auto,PO_sfix_hauto,sim_fr.json,crop_France.json,site_France.json,False,,,,,,,,2015-02-01,2015-11-01,False,False,True,True,True,False,True,True,False,True,False,False,False,,,0.82,,historic_runs,4,,,,,,MO_CType3_2015_2154.asc
160,True,fixed,auto,PO_sfix_hauto,sim_fr.json,crop_France.json,site_France.json,False,,,,,,,,2016-02-01,2016-11-01,False,False,True,True,True,False,True,True,False,True,False,False,False,,,0.82,,historic_runs,4,,,,,,MO_CType3_2016_2154.asc
161,True,fixed,auto,PO_sfix_hauto,sim_fr.json,crop_France.json,site_France.json,False,,,,,,,,2017-02-01,2017-11-01,False,False,True,True,True,False,True,True,False,True,False,False,False,,,0.82,,historic_runs,4,,,,,,MO_CType3_2017_2154.asc
162,True,fixed,auto,PO_sfix_hauto,sim_fr.json,crop_France.json,site_France.json,False,,,,,,,,2018-02-01,2018-11-01,False,False,True,True,True,False,True,True,False,True,False,False,False,,,0.82,,historic_runs,4,,,,,,MO_CType3_2018_2154.asc
163,True,fixed,auto,PO_sfix_hauto,sim_fr.json,crop_France.json,site_France.json,False,,,,,,,,2019-02-01,2019-11-01,False,False,True,True,True,False,True,True,False,True,False,False,False,,,0.82,,historic_runs,4,,,,,,MO_CType3_2019_2154.asc
164,True,fixed,auto,PO_sfix_hauto,sim_fr.json,crop_France.json,site_France.json,False,,,,,,,,2020-02-01,2020-11-01,False,False,True,True,True,False,True,True,False,True,False,False,False,,,0.82,,historic_runs,4,,,,,,MO_CType3_2020_2154.asc
165,True,fixed,auto,PO_sfix_hauto,sim_fr.json,crop_France.json,site_France.json,False,,,,,,,,2021-02-01,2021-11-01,False,False,True,True,True,False,True,True,False,True,False,False,False,,,0.82,,historic_runs,4,,,,,,MO_CType3_2021_2154.asc